{"cameraMode":{"drawMode":0,"name":"Shaded","section":"Shading Mode"},"sceneLighting":false,"audioPlay":false,"sceneViewState":{"m_AlwaysRefresh":false,"showFog":true,"showSkybox":false,"showFlares":true,"showImageEffects":true,"showParticleSystems":true,"showVisualEffectGraphs":true,"m_FxEnabled":true},"in2DMode":false,"pivot":{"x":2.1663856506347658,"y":7.548624038696289,"z":8.919849395751954},"rotation":{"x":0.02535943314433098,"y":-0.9741005897521973,"z":0.17454981803894044,"w":0.14153903722763062},"size":0.7071465849876404,"orthographic":false}