{"cameraMode":{"drawMode":0,"name":"Shaded","section":"Shading Mode"},"sceneLighting":false,"audioPlay":false,"sceneViewState":{"m_AlwaysRefresh":false,"showFog":true,"showSkybox":false,"showFlares":true,"showImageEffects":true,"showParticleSystems":true,"showVisualEffectGraphs":true,"m_FxEnabled":true},"in2DMode":false,"pivot":{"x":-0.17969191074371339,"y":-0.201131671667099,"z":-0.15648171305656434},"rotation":{"x":-0.027532292529940606,"y":0.9701738357543945,"z":-0.20102058351039887,"w":-0.1329561471939087},"size":0.7672911882400513,"orthographic":false}