{"cameraMode":{"drawMode":0,"name":"Shaded","section":"Shading Mode"},"sceneLighting":true,"audioPlay":false,"sceneViewState":{"m_AlwaysRefresh":false,"showFog":true,"showSkybox":false,"showFlares":true,"showImageEffects":true,"showParticleSystems":true,"showVisualEffectGraphs":true,"m_FxEnabled":true},"in2DMode":false,"pivot":{"x":1.2834633588790894,"y":6.383120059967041,"z":7.330756187438965},"rotation":{"x":0.21752820909023286,"y":-0.01904248259961605,"z":0.0042554158717393879,"w":0.9759302139282227},"size":0.7599954009056091,"orthographic":false}