{"cameraMode":{"drawMode":0,"name":"Shaded","section":"Shading Mode"},"sceneLighting":false,"audioPlay":false,"sceneViewState":{"m_AlwaysRefresh":false,"showFog":true,"showSkybox":false,"showFlares":true,"showImageEffects":true,"showParticleSystems":true,"showVisualEffectGraphs":true,"m_FxEnabled":true},"in2DMode":false,"pivot":{"x":1.3128879070281983,"y":7.060442924499512,"z":7.048621654510498},"rotation":{"x":0.10810048133134842,"y":0.007446263916790485,"z":-0.000783337454777211,"w":0.9941735863685608},"size":1.8081133365631104,"orthographic":false}