{"cameraMode":{"drawMode":0,"name":"Shaded","section":"Shading Mode"},"sceneLighting":false,"audioPlay":false,"sceneViewState":{"m_AlwaysRefresh":false,"showFog":true,"showSkybox":false,"showFlares":true,"showImageEffects":true,"showParticleSystems":true,"showVisualEffectGraphs":true,"m_FxEnabled":true},"in2DMode":false,"pivot":{"x":0.9635189771652222,"y":5.046380996704102,"z":10.037924766540528},"rotation":{"x":0.28143173456192019,"y":-0.012956513091921807,"z":0.003803560510277748,"w":0.959502100944519},"size":2.9237842559814455,"orthographic":false}